iteration,V
0,265.54917324221583
1,154.6242583878032
2,97.33429802546027
3,96.92828103694967
4,-inf
