iteration,obj,obj with slack
0,6.2676585546376895,6.2676585546376895
1,6.2646505029069015,6.2646505029069015
2,6.262199733498697,6.262199733498695
3,6.264501061454439,6.264501061454439
4,6.263544342991854,6.263544342991853
5,6.262737971093915,6.262737971093914
6,6.261647886213754,6.261647886213753
7,6.2602515690684335,6.2602515690684335
8,6.260239634324335,6.260239634324335
