iteration,V
0,242.22910826630005
1,148.0599637347287
2,92.42625103276768
3,105.17554115499766
4,236.20503544449133
5,236.20477105992063
6,236.1972469462363
7,236.19181619242505
8,236.19118026064126
9,236.18698437174763
10,236.18504265452918
11,-inf
