iteration,V
0,1713.6430874424914
1,1007.4433231105481
2,652.9633233665176
3,652.320729175018
4,651.9721358901974
5,-inf
