iteration,V
0,248.6465830070486
1,149.08333364677935
2,90.14914695822283
3,90.28852004220978
4,90.2743176987625
5,-inf
