iteration,V
0,150.8013963583695
1,141.8094231428893
2,140.9129650577499
3,-inf
