iteration,V
0,242.2632731779927
1,141.98899901310045
2,95.84666893166369
3,93.53135864236073
4,93.51303482341216
5,93.50528011313178
6,93.50766619852733
7,93.5044201245068
8,93.5045845338459
9,-inf
