iteration,V
0,247.13224537982012
1,146.94225643278043
2,91.38155815494999
3,91.13381625438649
4,-inf
